{
    "rmse": 11.96370124482639,
    "mae": 7.56667365752338,
    "r2": 0.8170997878837843
}