{
    "rmse": 17.612340284617193,
    "mae": 7.910796543333336,
    "r2": 0.7252224444920929
}