{
    "rmse": 18.068381274667164,
    "mae": 8.381324077619048,
    "r2": 0.7108084408232109
}